[
  {
    "model": "book.product",
    "pk": 1,
    "fields": {
      "name": "Вода",
      "times_used": 0
    }
  },
  {
    "model": "book.product",
    "pk": 2,
    "fields": {
      "name": "Соль",
      "times_used": 0
    }
  },
  {
    "model": "book.product",
    "pk": 3,
    "fields": {
      "name": "Сахар",
      "times_used": 0
    }
  },
  {
    "model": "book.product",
    "pk": 4,
    "fields": {
      "name": "Перец",
      "times_used": 0
    }
  },
  {
    "model": "book.product",
    "pk": 5,
    "fields": {
      "name": "Масло подсолнечное",
      "times_used": 0
    }
  },
  {
    "model": "book.product",
    "pk": 6,
    "fields": {
      "name": "Масло сливочное",
      "times_used": 0
    }
  },
  {
    "model": "book.product",
    "pk": 7,
    "fields": {
      "name": "Картофель",
      "times_used": 0
    }
  },
  {
    "model": "book.product",
    "pk": 8,
    "fields": {
      "name": "Говядина",
      "times_used": 0
    }
  },
  {
    "model": "book.product",
    "pk": 9,
    "fields": {
      "name": "Мясо куриное",
      "times_used": 0
    }
  },
  {
    "model": "book.product",
    "pk": 10,
    "fields": {
      "name": "Молоко",
      "times_used": 0
    }
  },
  {
    "model": "book.product",
    "pk": 11,
    "fields": {
      "name": "Творог",
      "times_used": 0
    }
  },
  {
    "model": "book.product",
    "pk": 12,
    "fields": {
      "name": "Макароны",
      "times_used": 0
    }
  },
  {
    "model": "book.product",
    "pk": 13,
    "fields": {
      "name": "Капуста белокочанная",
      "times_used": 0
    }
  },
  {
    "model": "book.product",
    "pk": 14,
    "fields": {
      "name": "Лук репчатый",
      "times_used": 0
    }
  },
  {
    "model": "book.product",
    "pk": 15,
    "fields": {
      "name": "Свекла",
      "times_used": 0
    }
  },
  {
    "model": "book.product",
    "pk": 16,
    "fields": {
      "name": "Огурцы свежие",
      "times_used": 0
    }
  },
  {
    "model": "book.product",
    "pk": 17,
    "fields": {
      "name": "Яйцо куриное",
      "times_used": 0
    }
  },
  {
    "model": "book.product",
    "pk": 18,
    "fields": {
      "name": "Хвост дракона",
      "times_used": 0
    }
  },
  {
    "model": "book.product",
    "pk": 19,
    "fields": {
      "name": "Слезы каракатицы",
      "times_used": 0
    }
  },
  {
    "model": "book.product",
    "pk": 20,
    "fields": {
      "name": "Томаты",
      "times_used": 0
    }
  },
  {
    "model": "book.product",
    "pk": 21,
    "fields": {
      "name": "Болгарский перец",
      "times_used": 0
    }
  },
  {
    "model": "book.product",
    "pk": 22,
    "fields": {
      "name": "Фарш говядина-свинина",
      "times_used": 0
    }
  },
  {
    "model": "book.product",
    "pk": 23,
    "fields": {
      "name": "Мука",
      "times_used": 0
    }
  },
  {
    "model": "book.product",
    "pk": 24,
    "fields": {
      "name": "Майонез",
      "times_used": 0
    }
  },
  {
    "model": "book.recipe",
    "pk": 1,
    "fields": {
      "name": "Сырники"
    }
  },
  {
    "model": "book.recipe",
    "pk": 2,
    "fields": {
      "name": "Яичница глазунья"
    }
  },
  {
    "model": "book.recipe",
    "pk": 3,
    "fields": {
      "name": "Пельмени"
    }
  },
  {
    "model": "book.recipe",
    "pk": 4,
    "fields": {
      "name": "Салат летний"
    }
  },
  {
    "model": "book.recipewithproduct",
    "pk": 1,
    "fields": {
      "recipe": 1,
      "product": 11,
      "weight": 200
    }
  },
  {
    "model": "book.recipewithproduct",
    "pk": 2,
    "fields": {
      "recipe": 1,
      "product": 17,
      "weight": 50
    }
  },
  {
    "model": "book.recipewithproduct",
    "pk": 3,
    "fields": {
      "recipe": 1,
      "product": 3,
      "weight": 10
    }
  },
  {
    "model": "book.recipewithproduct",
    "pk": 4,
    "fields": {
      "recipe": 2,
      "product": 17,
      "weight": 150
    }
  },
  {
    "model": "book.recipewithproduct",
    "pk": 5,
    "fields": {
      "recipe": 2,
      "product": 2,
      "weight": 3
    }
  },
  {
    "model": "book.recipewithproduct",
    "pk": 6,
    "fields": {
      "recipe": 2,
      "product": 5,
      "weight": 10
    }
  },
  {
    "model": "book.recipewithproduct",
    "pk": 7,
    "fields": {
      "recipe": 3,
      "product": 1,
      "weight": 50
    }
  },
  {
    "model": "book.recipewithproduct",
    "pk": 8,
    "fields": {
      "recipe": 3,
      "product": 2,
      "weight": 5
    }
  },
  {
    "model": "book.recipewithproduct",
    "pk": 9,
    "fields": {
      "recipe": 3,
      "product": 4,
      "weight": 1
    }
  },
  {
    "model": "book.recipewithproduct",
    "pk": 10,
    "fields": {
      "recipe": 3,
      "product": 22,
      "weight": 300
    }
  },
  {
    "model": "book.recipewithproduct",
    "pk": 11,
    "fields": {
      "recipe": 3,
      "product": 23,
      "weight": 200
    }
  },
  {
    "model": "book.recipewithproduct",
    "pk": 12,
    "fields": {
      "recipe": 4,
      "product": 20,
      "weight": 100
    }
  },
  {
    "model": "book.recipewithproduct",
    "pk": 13,
    "fields": {
      "recipe": 4,
      "product": 16,
      "weight": 100
    }
  },
  {
    "model": "book.recipewithproduct",
    "pk": 14,
    "fields": {
      "recipe": 4,
      "product": 14,
      "weight": 30
    }
  },
  {
    "model": "book.recipewithproduct",
    "pk": 15,
    "fields": {
      "recipe": 4,
      "product": 2,
      "weight": 2
    }
  },
  {
    "model": "book.recipewithproduct",
    "pk": 16,
    "fields": {
      "recipe": 4,
      "product": 4,
      "weight": 1
    }
  },
  {
    "model": "book.recipewithproduct",
    "pk": 17,
    "fields": {
      "recipe": 4,
      "product": 5,
      "weight": 10
    }
  },
  {
    "model": "book.recipewithproduct",
    "pk": 20,
    "fields": {
      "recipe": 1,
      "product": 6,
      "weight": 10
    }
  }
]