[
  {
    "model": "admin.logentry",
    "pk": 1,
    "fields": {
      "action_time": "2024-01-26T23:46:41.200Z",
      "user": 1,
      "content_type": 7,
      "object_id": "1",
      "object_repr": "Вода",
      "action_flag": 1,
      "change_message": "[{\"added\": {}}]"
    }
  },
  {
    "model": "admin.logentry",
    "pk": 2,
    "fields": {
      "action_time": "2024-01-26T23:46:49.333Z",
      "user": 1,
      "content_type": 7,
      "object_id": "2",
      "object_repr": "Соль",
      "action_flag": 1,
      "change_message": "[{\"added\": {}}]"
    }
  },
  {
    "model": "admin.logentry",
    "pk": 3,
    "fields": {
      "action_time": "2024-01-26T23:46:53.779Z",
      "user": 1,
      "content_type": 7,
      "object_id": "3",
      "object_repr": "Сахар",
      "action_flag": 1,
      "change_message": "[{\"added\": {}}]"
    }
  },
  {
    "model": "admin.logentry",
    "pk": 4,
    "fields": {
      "action_time": "2024-01-26T23:46:57.272Z",
      "user": 1,
      "content_type": 7,
      "object_id": "4",
      "object_repr": "Перец",
      "action_flag": 1,
      "change_message": "[{\"added\": {}}]"
    }
  },
  {
    "model": "admin.logentry",
    "pk": 5,
    "fields": {
      "action_time": "2024-01-26T23:47:06.461Z",
      "user": 1,
      "content_type": 7,
      "object_id": "5",
      "object_repr": "Масло подсолнечное",
      "action_flag": 1,
      "change_message": "[{\"added\": {}}]"
    }
  },
  {
    "model": "admin.logentry",
    "pk": 6,
    "fields": {
      "action_time": "2024-01-26T23:47:11.371Z",
      "user": 1,
      "content_type": 7,
      "object_id": "6",
      "object_repr": "Масло сливочное",
      "action_flag": 1,
      "change_message": "[{\"added\": {}}]"
    }
  },
  {
    "model": "admin.logentry",
    "pk": 7,
    "fields": {
      "action_time": "2024-01-26T23:47:21.499Z",
      "user": 1,
      "content_type": 7,
      "object_id": "7",
      "object_repr": "Картофель",
      "action_flag": 1,
      "change_message": "[{\"added\": {}}]"
    }
  },
  {
    "model": "admin.logentry",
    "pk": 8,
    "fields": {
      "action_time": "2024-01-26T23:47:36.428Z",
      "user": 1,
      "content_type": 7,
      "object_id": "8",
      "object_repr": "Говядина",
      "action_flag": 1,
      "change_message": "[{\"added\": {}}]"
    }
  },
  {
    "model": "admin.logentry",
    "pk": 9,
    "fields": {
      "action_time": "2024-01-26T23:48:13.217Z",
      "user": 1,
      "content_type": 7,
      "object_id": "9",
      "object_repr": "Мясо куриное",
      "action_flag": 1,
      "change_message": "[{\"added\": {}}]"
    }
  },
  {
    "model": "admin.logentry",
    "pk": 10,
    "fields": {
      "action_time": "2024-01-26T23:48:17.448Z",
      "user": 1,
      "content_type": 7,
      "object_id": "10",
      "object_repr": "Молоко",
      "action_flag": 1,
      "change_message": "[{\"added\": {}}]"
    }
  },
  {
    "model": "admin.logentry",
    "pk": 11,
    "fields": {
      "action_time": "2024-01-26T23:48:21.981Z",
      "user": 1,
      "content_type": 7,
      "object_id": "11",
      "object_repr": "Творог",
      "action_flag": 1,
      "change_message": "[{\"added\": {}}]"
    }
  },
  {
    "model": "admin.logentry",
    "pk": 12,
    "fields": {
      "action_time": "2024-01-26T23:48:32.957Z",
      "user": 1,
      "content_type": 7,
      "object_id": "12",
      "object_repr": "Макароны",
      "action_flag": 1,
      "change_message": "[{\"added\": {}}]"
    }
  },
  {
    "model": "admin.logentry",
    "pk": 13,
    "fields": {
      "action_time": "2024-01-26T23:49:07.325Z",
      "user": 1,
      "content_type": 7,
      "object_id": "13",
      "object_repr": "Капуста белокочанная",
      "action_flag": 1,
      "change_message": "[{\"added\": {}}]"
    }
  },
  {
    "model": "admin.logentry",
    "pk": 14,
    "fields": {
      "action_time": "2024-01-26T23:49:12.266Z",
      "user": 1,
      "content_type": 7,
      "object_id": "14",
      "object_repr": "Лук репчатый",
      "action_flag": 1,
      "change_message": "[{\"added\": {}}]"
    }
  },
  {
    "model": "admin.logentry",
    "pk": 15,
    "fields": {
      "action_time": "2024-01-26T23:49:23.141Z",
      "user": 1,
      "content_type": 7,
      "object_id": "15",
      "object_repr": "Свекла",
      "action_flag": 1,
      "change_message": "[{\"added\": {}}]"
    }
  },
  {
    "model": "admin.logentry",
    "pk": 16,
    "fields": {
      "action_time": "2024-01-26T23:49:44.227Z",
      "user": 1,
      "content_type": 7,
      "object_id": "16",
      "object_repr": "Огурцы свежие",
      "action_flag": 1,
      "change_message": "[{\"added\": {}}]"
    }
  },
  {
    "model": "admin.logentry",
    "pk": 17,
    "fields": {
      "action_time": "2024-01-26T23:50:04.813Z",
      "user": 1,
      "content_type": 7,
      "object_id": "17",
      "object_repr": "Яйцо куриное",
      "action_flag": 1,
      "change_message": "[{\"added\": {}}]"
    }
  },
  {
    "model": "admin.logentry",
    "pk": 18,
    "fields": {
      "action_time": "2024-01-26T23:50:24.031Z",
      "user": 1,
      "content_type": 7,
      "object_id": "18",
      "object_repr": "Хвост дракона",
      "action_flag": 1,
      "change_message": "[{\"added\": {}}]"
    }
  },
  {
    "model": "admin.logentry",
    "pk": 19,
    "fields": {
      "action_time": "2024-01-26T23:51:00.968Z",
      "user": 1,
      "content_type": 7,
      "object_id": "19",
      "object_repr": "Слезы каракатицы",
      "action_flag": 1,
      "change_message": "[{\"added\": {}}]"
    }
  },
  {
    "model": "admin.logentry",
    "pk": 20,
    "fields": {
      "action_time": "2024-01-26T23:52:02.963Z",
      "user": 1,
      "content_type": 9,
      "object_id": "1",
      "object_repr": "Сырники",
      "action_flag": 1,
      "change_message": "[{\"added\": {}}, {\"added\": {\"name\": \"\\u0420\\u0435\\u0446\\u0435\\u043f\\u0442\", \"object\": \"\\u2116 1\"}}, {\"added\": {\"name\": \"\\u0420\\u0435\\u0446\\u0435\\u043f\\u0442\", \"object\": \"\\u2116 2\"}}, {\"added\": {\"name\": \"\\u0420\\u0435\\u0446\\u0435\\u043f\\u0442\", \"object\": \"\\u2116 3\"}}]"
    }
  },
  {
    "model": "admin.logentry",
    "pk": 21,
    "fields": {
      "action_time": "2024-01-26T23:53:16.485Z",
      "user": 1,
      "content_type": 7,
      "object_id": "20",
      "object_repr": "Томаты",
      "action_flag": 1,
      "change_message": "[{\"added\": {}}]"
    }
  },
  {
    "model": "admin.logentry",
    "pk": 22,
    "fields": {
      "action_time": "2024-01-26T23:53:36.187Z",
      "user": 1,
      "content_type": 7,
      "object_id": "21",
      "object_repr": "Болгарский перец",
      "action_flag": 1,
      "change_message": "[{\"added\": {}}]"
    }
  },
  {
    "model": "admin.logentry",
    "pk": 23,
    "fields": {
      "action_time": "2024-01-26T23:55:22.387Z",
      "user": 1,
      "content_type": 9,
      "object_id": "2",
      "object_repr": "Яичница глазунья",
      "action_flag": 1,
      "change_message": "[{\"added\": {}}, {\"added\": {\"name\": \"\\u0420\\u0435\\u0446\\u0435\\u043f\\u0442\", \"object\": \"\\u2116 4\"}}, {\"added\": {\"name\": \"\\u0420\\u0435\\u0446\\u0435\\u043f\\u0442\", \"object\": \"\\u2116 5\"}}, {\"added\": {\"name\": \"\\u0420\\u0435\\u0446\\u0435\\u043f\\u0442\", \"object\": \"\\u2116 6\"}}]"
    }
  },
  {
    "model": "admin.logentry",
    "pk": 24,
    "fields": {
      "action_time": "2024-01-26T23:55:55.896Z",
      "user": 1,
      "content_type": 7,
      "object_id": "22",
      "object_repr": "Фарш говядина-свинина",
      "action_flag": 1,
      "change_message": "[{\"added\": {}}]"
    }
  },
  {
    "model": "admin.logentry",
    "pk": 25,
    "fields": {
      "action_time": "2024-01-26T23:56:16.063Z",
      "user": 1,
      "content_type": 7,
      "object_id": "23",
      "object_repr": "Мука",
      "action_flag": 1,
      "change_message": "[{\"added\": {}}]"
    }
  },
  {
    "model": "admin.logentry",
    "pk": 26,
    "fields": {
      "action_time": "2024-01-26T23:58:08.101Z",
      "user": 1,
      "content_type": 9,
      "object_id": "3",
      "object_repr": "Пельмени",
      "action_flag": 1,
      "change_message": "[{\"added\": {}}, {\"added\": {\"name\": \"\\u041f\\u0440\\u043e\\u0434\\u0443\\u043a\\u0442\", \"object\": \"\\u2116 7\"}}, {\"added\": {\"name\": \"\\u041f\\u0440\\u043e\\u0434\\u0443\\u043a\\u0442\", \"object\": \"\\u2116 8\"}}, {\"added\": {\"name\": \"\\u041f\\u0440\\u043e\\u0434\\u0443\\u043a\\u0442\", \"object\": \"\\u2116 9\"}}, {\"added\": {\"name\": \"\\u041f\\u0440\\u043e\\u0434\\u0443\\u043a\\u0442\", \"object\": \"\\u2116 10\"}}, {\"added\": {\"name\": \"\\u041f\\u0440\\u043e\\u0434\\u0443\\u043a\\u0442\", \"object\": \"\\u2116 11\"}}]"
    }
  },
  {
    "model": "admin.logentry",
    "pk": 27,
    "fields": {
      "action_time": "2024-01-27T00:01:44.653Z",
      "user": 1,
      "content_type": 9,
      "object_id": "4",
      "object_repr": "Салат летний",
      "action_flag": 1,
      "change_message": "[{\"added\": {}}, {\"added\": {\"name\": \"\\u041f\\u0440\\u043e\\u0434\\u0443\\u043a\\u0442\", \"object\": \"\\u2116 12\"}}, {\"added\": {\"name\": \"\\u041f\\u0440\\u043e\\u0434\\u0443\\u043a\\u0442\", \"object\": \"\\u2116 13\"}}, {\"added\": {\"name\": \"\\u041f\\u0440\\u043e\\u0434\\u0443\\u043a\\u0442\", \"object\": \"\\u2116 14\"}}, {\"added\": {\"name\": \"\\u041f\\u0440\\u043e\\u0434\\u0443\\u043a\\u0442\", \"object\": \"\\u2116 15\"}}, {\"added\": {\"name\": \"\\u041f\\u0440\\u043e\\u0434\\u0443\\u043a\\u0442\", \"object\": \"\\u2116 16\"}}, {\"added\": {\"name\": \"\\u041f\\u0440\\u043e\\u0434\\u0443\\u043a\\u0442\", \"object\": \"\\u2116 17\"}}]"
    }
  },
  {
    "model": "admin.logentry",
    "pk": 28,
    "fields": {
      "action_time": "2024-01-27T00:02:02.955Z",
      "user": 1,
      "content_type": 7,
      "object_id": "24",
      "object_repr": "Майонез",
      "action_flag": 1,
      "change_message": "[{\"added\": {}}]"
    }
  },
  {
    "model": "admin.logentry",
    "pk": 29,
    "fields": {
      "action_time": "2024-01-27T00:45:17.215Z",
      "user": 1,
      "content_type": 9,
      "object_id": "4",
      "object_repr": "Салат летний",
      "action_flag": 2,
      "change_message": "[{\"added\": {\"name\": \"\\u041f\\u0440\\u043e\\u0434\\u0443\\u043a\\u0442\", \"object\": \"\\u2116 18\"}}]"
    }
  },
  {
    "model": "admin.logentry",
    "pk": 30,
    "fields": {
      "action_time": "2024-01-27T01:08:17.605Z",
      "user": 1,
      "content_type": 9,
      "object_id": "1",
      "object_repr": "Сырники",
      "action_flag": 2,
      "change_message": "[{\"added\": {\"name\": \"\\u041f\\u0440\\u043e\\u0434\\u0443\\u043a\\u0442\", \"object\": \"\\u2116 19\"}}]"
    }
  },
  {
    "model": "admin.logentry",
    "pk": 31,
    "fields": {
      "action_time": "2024-01-27T01:15:22.183Z",
      "user": 1,
      "content_type": 9,
      "object_id": "1",
      "object_repr": "Сырники",
      "action_flag": 2,
      "change_message": "[{\"changed\": {\"name\": \"\\u041f\\u0440\\u043e\\u0434\\u0443\\u043a\\u0442\", \"object\": \"\\u2116 19\", \"fields\": [\"\\u041c\\u0430\\u0441\\u0441\\u0430, \\u0433\\u0440\\u0430\\u043c\\u043c\"]}}]"
    }
  },
  {
    "model": "admin.logentry",
    "pk": 32,
    "fields": {
      "action_time": "2024-01-27T01:19:41.917Z",
      "user": 1,
      "content_type": 9,
      "object_id": "1",
      "object_repr": "Сырники",
      "action_flag": 2,
      "change_message": "[{\"changed\": {\"name\": \"\\u041f\\u0440\\u043e\\u0434\\u0443\\u043a\\u0442\", \"object\": \"\\u2116 19\", \"fields\": [\"\\u041c\\u0430\\u0441\\u0441\\u0430, \\u0433\\u0440\\u0430\\u043c\\u043c\"]}}]"
    }
  },
  {
    "model": "admin.logentry",
    "pk": 33,
    "fields": {
      "action_time": "2024-01-27T01:22:45.165Z",
      "user": 1,
      "content_type": 9,
      "object_id": "1",
      "object_repr": "Сырники",
      "action_flag": 2,
      "change_message": "[{\"deleted\": {\"name\": \"\\u041f\\u0440\\u043e\\u0434\\u0443\\u043a\\u0442\", \"object\": \"\\u2116 None\"}}]"
    }
  },
  {
    "model": "admin.logentry",
    "pk": 34,
    "fields": {
      "action_time": "2024-01-27T01:23:18.930Z",
      "user": 1,
      "content_type": 9,
      "object_id": "4",
      "object_repr": "Салат летний",
      "action_flag": 2,
      "change_message": "[{\"changed\": {\"name\": \"\\u041f\\u0440\\u043e\\u0434\\u0443\\u043a\\u0442\", \"object\": \"\\u2116 18\", \"fields\": [\"\\u041c\\u0430\\u0441\\u0441\\u0430, \\u0433\\u0440\\u0430\\u043c\\u043c\"]}}]"
    }
  },
  {
    "model": "admin.logentry",
    "pk": 35,
    "fields": {
      "action_time": "2024-01-27T01:40:25.310Z",
      "user": 1,
      "content_type": 7,
      "object_id": "11",
      "object_repr": "Творог",
      "action_flag": 2,
      "change_message": "[{\"changed\": {\"fields\": [\"\\u0420\\u0430\\u0437 \\u0438\\u0441\\u043f\\u043e\\u043b\\u044c\\u0437\\u043e\\u0432\\u0430\\u043d\\u043e \\u0432 \\u0440\\u0435\\u0446\\u0435\\u043f\\u0442\\u0430\\u0445\"]}}]"
    }
  },
  {
    "model": "admin.logentry",
    "pk": 36,
    "fields": {
      "action_time": "2024-01-27T01:40:34.963Z",
      "user": 1,
      "content_type": 7,
      "object_id": "17",
      "object_repr": "Яйцо куриное",
      "action_flag": 2,
      "change_message": "[{\"changed\": {\"fields\": [\"\\u0420\\u0430\\u0437 \\u0438\\u0441\\u043f\\u043e\\u043b\\u044c\\u0437\\u043e\\u0432\\u0430\\u043d\\u043e \\u0432 \\u0440\\u0435\\u0446\\u0435\\u043f\\u0442\\u0430\\u0445\"]}}]"
    }
  },
  {
    "model": "admin.logentry",
    "pk": 37,
    "fields": {
      "action_time": "2024-01-27T01:40:42.138Z",
      "user": 1,
      "content_type": 7,
      "object_id": "3",
      "object_repr": "Сахар",
      "action_flag": 2,
      "change_message": "[{\"changed\": {\"fields\": [\"\\u0420\\u0430\\u0437 \\u0438\\u0441\\u043f\\u043e\\u043b\\u044c\\u0437\\u043e\\u0432\\u0430\\u043d\\u043e \\u0432 \\u0440\\u0435\\u0446\\u0435\\u043f\\u0442\\u0430\\u0445\"]}}]"
    }
  },
  {
    "model": "admin.logentry",
    "pk": 38,
    "fields": {
      "action_time": "2024-01-27T01:40:56.804Z",
      "user": 1,
      "content_type": 9,
      "object_id": "4",
      "object_repr": "Салат летний",
      "action_flag": 2,
      "change_message": "[{\"deleted\": {\"name\": \"\\u041f\\u0440\\u043e\\u0434\\u0443\\u043a\\u0442\", \"object\": \"\\u041c\\u0430\\u0439\\u043e\\u043d\\u0435\\u0437\"}}]"
    }
  },
  {
    "model": "auth.permission",
    "pk": 1,
    "fields": {
      "name": "Can add log entry",
      "content_type": 1,
      "codename": "add_logentry"
    }
  },
  {
    "model": "auth.permission",
    "pk": 2,
    "fields": {
      "name": "Can change log entry",
      "content_type": 1,
      "codename": "change_logentry"
    }
  },
  {
    "model": "auth.permission",
    "pk": 3,
    "fields": {
      "name": "Can delete log entry",
      "content_type": 1,
      "codename": "delete_logentry"
    }
  },
  {
    "model": "auth.permission",
    "pk": 4,
    "fields": {
      "name": "Can view log entry",
      "content_type": 1,
      "codename": "view_logentry"
    }
  },
  {
    "model": "auth.permission",
    "pk": 5,
    "fields": {
      "name": "Can add permission",
      "content_type": 2,
      "codename": "add_permission"
    }
  },
  {
    "model": "auth.permission",
    "pk": 6,
    "fields": {
      "name": "Can change permission",
      "content_type": 2,
      "codename": "change_permission"
    }
  },
  {
    "model": "auth.permission",
    "pk": 7,
    "fields": {
      "name": "Can delete permission",
      "content_type": 2,
      "codename": "delete_permission"
    }
  },
  {
    "model": "auth.permission",
    "pk": 8,
    "fields": {
      "name": "Can view permission",
      "content_type": 2,
      "codename": "view_permission"
    }
  },
  {
    "model": "auth.permission",
    "pk": 9,
    "fields": {
      "name": "Can add group",
      "content_type": 3,
      "codename": "add_group"
    }
  },
  {
    "model": "auth.permission",
    "pk": 10,
    "fields": {
      "name": "Can change group",
      "content_type": 3,
      "codename": "change_group"
    }
  },
  {
    "model": "auth.permission",
    "pk": 11,
    "fields": {
      "name": "Can delete group",
      "content_type": 3,
      "codename": "delete_group"
    }
  },
  {
    "model": "auth.permission",
    "pk": 12,
    "fields": {
      "name": "Can view group",
      "content_type": 3,
      "codename": "view_group"
    }
  },
  {
    "model": "auth.permission",
    "pk": 13,
    "fields": {
      "name": "Can add user",
      "content_type": 4,
      "codename": "add_user"
    }
  },
  {
    "model": "auth.permission",
    "pk": 14,
    "fields": {
      "name": "Can change user",
      "content_type": 4,
      "codename": "change_user"
    }
  },
  {
    "model": "auth.permission",
    "pk": 15,
    "fields": {
      "name": "Can delete user",
      "content_type": 4,
      "codename": "delete_user"
    }
  },
  {
    "model": "auth.permission",
    "pk": 16,
    "fields": {
      "name": "Can view user",
      "content_type": 4,
      "codename": "view_user"
    }
  },
  {
    "model": "auth.permission",
    "pk": 17,
    "fields": {
      "name": "Can add content type",
      "content_type": 5,
      "codename": "add_contenttype"
    }
  },
  {
    "model": "auth.permission",
    "pk": 18,
    "fields": {
      "name": "Can change content type",
      "content_type": 5,
      "codename": "change_contenttype"
    }
  },
  {
    "model": "auth.permission",
    "pk": 19,
    "fields": {
      "name": "Can delete content type",
      "content_type": 5,
      "codename": "delete_contenttype"
    }
  },
  {
    "model": "auth.permission",
    "pk": 20,
    "fields": {
      "name": "Can view content type",
      "content_type": 5,
      "codename": "view_contenttype"
    }
  },
  {
    "model": "auth.permission",
    "pk": 21,
    "fields": {
      "name": "Can add session",
      "content_type": 6,
      "codename": "add_session"
    }
  },
  {
    "model": "auth.permission",
    "pk": 22,
    "fields": {
      "name": "Can change session",
      "content_type": 6,
      "codename": "change_session"
    }
  },
  {
    "model": "auth.permission",
    "pk": 23,
    "fields": {
      "name": "Can delete session",
      "content_type": 6,
      "codename": "delete_session"
    }
  },
  {
    "model": "auth.permission",
    "pk": 24,
    "fields": {
      "name": "Can view session",
      "content_type": 6,
      "codename": "view_session"
    }
  },
  {
    "model": "auth.permission",
    "pk": 25,
    "fields": {
      "name": "Can add Продукт",
      "content_type": 7,
      "codename": "add_product"
    }
  },
  {
    "model": "auth.permission",
    "pk": 26,
    "fields": {
      "name": "Can change Продукт",
      "content_type": 7,
      "codename": "change_product"
    }
  },
  {
    "model": "auth.permission",
    "pk": 27,
    "fields": {
      "name": "Can delete Продукт",
      "content_type": 7,
      "codename": "delete_product"
    }
  },
  {
    "model": "auth.permission",
    "pk": 28,
    "fields": {
      "name": "Can view Продукт",
      "content_type": 7,
      "codename": "view_product"
    }
  },
  {
    "model": "auth.permission",
    "pk": 29,
    "fields": {
      "name": "Can add Рецепт",
      "content_type": 8,
      "codename": "add_recipewithproduct"
    }
  },
  {
    "model": "auth.permission",
    "pk": 30,
    "fields": {
      "name": "Can change Рецепт",
      "content_type": 8,
      "codename": "change_recipewithproduct"
    }
  },
  {
    "model": "auth.permission",
    "pk": 31,
    "fields": {
      "name": "Can delete Рецепт",
      "content_type": 8,
      "codename": "delete_recipewithproduct"
    }
  },
  {
    "model": "auth.permission",
    "pk": 32,
    "fields": {
      "name": "Can view Рецепт",
      "content_type": 8,
      "codename": "view_recipewithproduct"
    }
  },
  {
    "model": "auth.permission",
    "pk": 33,
    "fields": {
      "name": "Can add Рецепт",
      "content_type": 9,
      "codename": "add_recipe"
    }
  },
  {
    "model": "auth.permission",
    "pk": 34,
    "fields": {
      "name": "Can change Рецепт",
      "content_type": 9,
      "codename": "change_recipe"
    }
  },
  {
    "model": "auth.permission",
    "pk": 35,
    "fields": {
      "name": "Can delete Рецепт",
      "content_type": 9,
      "codename": "delete_recipe"
    }
  },
  {
    "model": "auth.permission",
    "pk": 36,
    "fields": {
      "name": "Can view Рецепт",
      "content_type": 9,
      "codename": "view_recipe"
    }
  },
  {
    "model": "auth.user",
    "pk": 1,
    "fields": {
      "password": "pbkdf2_sha256$600000$wdVEfRTW4qukiGZz9gbPFT$f1IwB8daIOLSybMiQunoUkB/bD+oDdTDDZdXzJDlxUI=",
      "last_login": "2024-01-26T23:45:28.575Z",
      "is_superuser": true,
      "username": "admin",
      "first_name": "",
      "last_name": "",
      "email": "galirkil@gmail.com",
      "is_staff": true,
      "is_active": true,
      "date_joined": "2024-01-26T23:24:51.109Z",
      "groups": [],
      "user_permissions": []
    }
  },
  {
    "model": "contenttypes.contenttype",
    "pk": 1,
    "fields": {
      "app_label": "admin",
      "model": "logentry"
    }
  },
  {
    "model": "contenttypes.contenttype",
    "pk": 2,
    "fields": {
      "app_label": "auth",
      "model": "permission"
    }
  },
  {
    "model": "contenttypes.contenttype",
    "pk": 3,
    "fields": {
      "app_label": "auth",
      "model": "group"
    }
  },
  {
    "model": "contenttypes.contenttype",
    "pk": 4,
    "fields": {
      "app_label": "auth",
      "model": "user"
    }
  },
  {
    "model": "contenttypes.contenttype",
    "pk": 5,
    "fields": {
      "app_label": "contenttypes",
      "model": "contenttype"
    }
  },
  {
    "model": "contenttypes.contenttype",
    "pk": 6,
    "fields": {
      "app_label": "sessions",
      "model": "session"
    }
  },
  {
    "model": "contenttypes.contenttype",
    "pk": 7,
    "fields": {
      "app_label": "book",
      "model": "product"
    }
  },
  {
    "model": "contenttypes.contenttype",
    "pk": 8,
    "fields": {
      "app_label": "book",
      "model": "recipewithproduct"
    }
  },
  {
    "model": "contenttypes.contenttype",
    "pk": 9,
    "fields": {
      "app_label": "book",
      "model": "recipe"
    }
  },
  {
    "model": "sessions.session",
    "pk": "jibjdaw5sg18s6xatyc390ju7pgqh7yd",
    "fields": {
      "session_data": ".eJxVjDEOAiEQRe9CbQgDyIilvWcgAwyyaiBZdivj3XWTLbT9773_EoHWpYZ18BymLM4CxOF3i5Qe3DaQ79RuXabelnmKclPkToe89szPy-7-HVQa9VvrxMl4JFBoyHgP2vLJWMzMYBGgFMdaFcTIhjGSj0qzN9ZnfXTgknh_ANPjN3k:1rTVt2:19QM3TmPwXpK8UFe2d0fp8JPRx0KdXNiu5Q5aIQ6Kso",
      "expire_date": "2024-02-09T23:45:28.576Z"
    }
  },
  {
    "model": "book.product",
    "pk": 1,
    "fields": {
      "name": "Вода",
      "times_used": 0
    }
  },
  {
    "model": "book.product",
    "pk": 2,
    "fields": {
      "name": "Соль",
      "times_used": 0
    }
  },
  {
    "model": "book.product",
    "pk": 3,
    "fields": {
      "name": "Сахар",
      "times_used": 0
    }
  },
  {
    "model": "book.product",
    "pk": 4,
    "fields": {
      "name": "Перец",
      "times_used": 0
    }
  },
  {
    "model": "book.product",
    "pk": 5,
    "fields": {
      "name": "Масло подсолнечное",
      "times_used": 0
    }
  },
  {
    "model": "book.product",
    "pk": 6,
    "fields": {
      "name": "Масло сливочное",
      "times_used": 0
    }
  },
  {
    "model": "book.product",
    "pk": 7,
    "fields": {
      "name": "Картофель",
      "times_used": 0
    }
  },
  {
    "model": "book.product",
    "pk": 8,
    "fields": {
      "name": "Говядина",
      "times_used": 0
    }
  },
  {
    "model": "book.product",
    "pk": 9,
    "fields": {
      "name": "Мясо куриное",
      "times_used": 0
    }
  },
  {
    "model": "book.product",
    "pk": 10,
    "fields": {
      "name": "Молоко",
      "times_used": 0
    }
  },
  {
    "model": "book.product",
    "pk": 11,
    "fields": {
      "name": "Творог",
      "times_used": 0
    }
  },
  {
    "model": "book.product",
    "pk": 12,
    "fields": {
      "name": "Макароны",
      "times_used": 0
    }
  },
  {
    "model": "book.product",
    "pk": 13,
    "fields": {
      "name": "Капуста белокочанная",
      "times_used": 0
    }
  },
  {
    "model": "book.product",
    "pk": 14,
    "fields": {
      "name": "Лук репчатый",
      "times_used": 0
    }
  },
  {
    "model": "book.product",
    "pk": 15,
    "fields": {
      "name": "Свекла",
      "times_used": 0
    }
  },
  {
    "model": "book.product",
    "pk": 16,
    "fields": {
      "name": "Огурцы свежие",
      "times_used": 0
    }
  },
  {
    "model": "book.product",
    "pk": 17,
    "fields": {
      "name": "Яйцо куриное",
      "times_used": 0
    }
  },
  {
    "model": "book.product",
    "pk": 18,
    "fields": {
      "name": "Хвост дракона",
      "times_used": 0
    }
  },
  {
    "model": "book.product",
    "pk": 19,
    "fields": {
      "name": "Слезы каракатицы",
      "times_used": 0
    }
  },
  {
    "model": "book.product",
    "pk": 20,
    "fields": {
      "name": "Томаты",
      "times_used": 0
    }
  },
  {
    "model": "book.product",
    "pk": 21,
    "fields": {
      "name": "Болгарский перец",
      "times_used": 0
    }
  },
  {
    "model": "book.product",
    "pk": 22,
    "fields": {
      "name": "Фарш говядина-свинина",
      "times_used": 0
    }
  },
  {
    "model": "book.product",
    "pk": 23,
    "fields": {
      "name": "Мука",
      "times_used": 0
    }
  },
  {
    "model": "book.product",
    "pk": 24,
    "fields": {
      "name": "Майонез",
      "times_used": 0
    }
  },
  {
    "model": "book.recipe",
    "pk": 1,
    "fields": {
      "name": "Сырники"
    }
  },
  {
    "model": "book.recipe",
    "pk": 2,
    "fields": {
      "name": "Яичница глазунья"
    }
  },
  {
    "model": "book.recipe",
    "pk": 3,
    "fields": {
      "name": "Пельмени"
    }
  },
  {
    "model": "book.recipe",
    "pk": 4,
    "fields": {
      "name": "Салат летний"
    }
  },
  {
    "model": "book.recipewithproduct",
    "pk": 1,
    "fields": {
      "recipe": 1,
      "product": 11,
      "weight": 200
    }
  },
  {
    "model": "book.recipewithproduct",
    "pk": 2,
    "fields": {
      "recipe": 1,
      "product": 17,
      "weight": 50
    }
  },
  {
    "model": "book.recipewithproduct",
    "pk": 3,
    "fields": {
      "recipe": 1,
      "product": 3,
      "weight": 10
    }
  },
  {
    "model": "book.recipewithproduct",
    "pk": 4,
    "fields": {
      "recipe": 2,
      "product": 17,
      "weight": 150
    }
  },
  {
    "model": "book.recipewithproduct",
    "pk": 5,
    "fields": {
      "recipe": 2,
      "product": 2,
      "weight": 3
    }
  },
  {
    "model": "book.recipewithproduct",
    "pk": 6,
    "fields": {
      "recipe": 2,
      "product": 5,
      "weight": 10
    }
  },
  {
    "model": "book.recipewithproduct",
    "pk": 7,
    "fields": {
      "recipe": 3,
      "product": 1,
      "weight": 50
    }
  },
  {
    "model": "book.recipewithproduct",
    "pk": 8,
    "fields": {
      "recipe": 3,
      "product": 2,
      "weight": 5
    }
  },
  {
    "model": "book.recipewithproduct",
    "pk": 9,
    "fields": {
      "recipe": 3,
      "product": 4,
      "weight": 1
    }
  },
  {
    "model": "book.recipewithproduct",
    "pk": 10,
    "fields": {
      "recipe": 3,
      "product": 22,
      "weight": 300
    }
  },
  {
    "model": "book.recipewithproduct",
    "pk": 11,
    "fields": {
      "recipe": 3,
      "product": 23,
      "weight": 200
    }
  },
  {
    "model": "book.recipewithproduct",
    "pk": 12,
    "fields": {
      "recipe": 4,
      "product": 20,
      "weight": 100
    }
  },
  {
    "model": "book.recipewithproduct",
    "pk": 13,
    "fields": {
      "recipe": 4,
      "product": 16,
      "weight": 100
    }
  },
  {
    "model": "book.recipewithproduct",
    "pk": 14,
    "fields": {
      "recipe": 4,
      "product": 14,
      "weight": 30
    }
  },
  {
    "model": "book.recipewithproduct",
    "pk": 15,
    "fields": {
      "recipe": 4,
      "product": 2,
      "weight": 2
    }
  },
  {
    "model": "book.recipewithproduct",
    "pk": 16,
    "fields": {
      "recipe": 4,
      "product": 4,
      "weight": 1
    }
  },
  {
    "model": "book.recipewithproduct",
    "pk": 17,
    "fields": {
      "recipe": 4,
      "product": 5,
      "weight": 10
    }
  },
  {
    "model": "book.recipewithproduct",
    "pk": 20,
    "fields": {
      "recipe": 1,
      "product": 6,
      "weight": 10
    }
  }
]